{
  "IsEncrypted": false,
  "Values": {
    "AzureWebJobsStorage": "DefaultEndpointsProtocol=https;AccountName=healthtrackerdata;AccountKey=HUOhSlMXyQEDmAY3+S8nxZVguxcWBPv1R+9ML9N30kgWh19/tJB13Ho6pUiomtBD7E5wBVZwkebe+AStRjUWqw==;EndpointSuffix=core.windows.net",
    "FUNCTIONS_WORKER_RUNTIME": "python",
    "SQL_CONNECTION_STRING": "Driver={ODBC Driver 18 for SQL Server};Server=tcp:healthserver01.database.windows.net,1433;Database=database01;Uid=aruchi;Pwd=Hin2103!;Encrypt=yes;TrustServerCertificate=no;Connection Timeout=30;"
  }
}
